Date,Epoch,TrainLoss,ValLoss,DecisionThreshold,SelectionScore,ValAcc,ValMacroF1,ValFakeF1,ValMinClassF1,ValRealPrecision,ValFakePrecision,ValBalancedAcc,ValRealRecall,ValFakeRecall,ValRecallGap,ASVspoofBalancedAcc,ASVspoofRealRecall,ASVspoofFakeRecall,InWildValBalancedAcc,InWildValRealRecall,InWildValFakeRecall,CheckpointGatePassed,CheckpointBlockers,ValEER,EER_Thr
2026-05-28 09:15:13,1,0.6896,0.6938,0.534536,-0.111262,0.5218,0.5218,0.5201,0.5201,0.5216,0.5219,0.5218,0.5253,0.5182,0.0071,0.5096,0.5275,0.4917,0.551,0.52,0.582,0,balanced_fake_recall=0.5182 < 0.8500; asvspoof_fake_recall=0.4917 < 0.8400; inwild_real_recall=0.5200 < 0.8500,0.481176,0.534037
2026-05-28 09:15:16,2,0.6808,0.6795,0.498625,-0.109382,0.5612,0.5597,0.5346,0.5346,0.5549,0.5691,0.5612,0.6182,0.5041,0.1141,0.55,0.6483,0.4517,0.588,0.546,0.63,0,balanced_fake_recall=0.5041 < 0.8500; balanced_recall_gap=0.1141 > 0.1000; asvspoof_fake_recall=0.4517 < 0.8400; inwild_real_recall=0.5460 < 0.8500,0.442059,0.497427
2026-05-28 09:15:20,3,0.6622,0.654,0.502042,0.017554,0.6256,0.6256,0.6279,0.6233,0.6272,0.6241,0.6256,0.6194,0.6318,0.0124,0.6338,0.6967,0.5708,0.606,0.434,0.778,0,balanced_fake_recall=0.6318 < 0.8500; asvspoof_fake_recall=0.5708 < 0.8400; inwild_real_recall=0.4340 < 0.8500,0.374412,0.502042
2026-05-28 09:15:23,4,0.6303,0.6089,0.510344,0.187,0.6647,0.6647,0.6637,0.6637,0.6637,0.6657,0.6647,0.6676,0.6618,0.0059,0.6629,0.7133,0.6125,0.669,0.558,0.78,0,balanced_fake_recall=0.6618 < 0.8500; asvspoof_fake_recall=0.6125 < 0.8400; inwild_real_recall=0.5580 < 0.8500,0.337059,0.510342
2026-05-28 09:15:26,5,0.5655,0.5353,0.416245,0.543135,0.7688,0.7688,0.7688,0.7688,0.7688,0.7688,0.7688,0.7688,0.7688,0.0,0.7471,0.7775,0.7167,0.821,0.748,0.894,0,balanced_fake_recall=0.7688 < 0.8500; asvspoof_fake_recall=0.7167 < 0.8400; inwild_real_recall=0.7480 < 0.8500,0.231176,0.416675
2026-05-28 09:15:30,6,0.4952,0.5064,0.491755,0.608437,0.7656,0.7655,0.7623,0.7623,0.7584,0.7731,0.7656,0.7794,0.7518,0.0276,0.7438,0.7508,0.7367,0.818,0.848,0.788,0,balanced_fake_recall=0.7518 < 0.8500; asvspoof_fake_recall=0.7367 < 0.8400; inwild_real_recall=0.8480 < 0.8500,0.242353,0.475891
2026-05-28 09:15:33,7,0.4589,0.4901,0.459415,0.647459,0.7791,0.7791,0.7792,0.7791,0.7793,0.779,0.7791,0.7788,0.7794,0.0006,0.7579,0.7567,0.7592,0.83,0.832,0.828,0,balanced_fake_recall=0.7794 < 0.8500; asvspoof_fake_recall=0.7592 < 0.8400; inwild_real_recall=0.8320 < 0.8500,0.221176,0.462504
2026-05-28 09:15:37,8,0.4338,0.491,0.359568,0.668722,0.7847,0.7847,0.7846,0.7846,0.7844,0.785,0.7847,0.7853,0.7841,0.0012,0.7583,0.7558,0.7608,0.848,0.856,0.84,0,balanced_fake_recall=0.7841 < 0.8500; asvspoof_fake_recall=0.7608 < 0.8400,0.215294,0.359568
2026-05-28 09:15:40,9,0.3877,0.4373,0.599428,0.727555,0.8221,0.822,0.8193,0.8193,0.8127,0.832,0.8221,0.8371,0.8071,0.03,0.8083,0.8233,0.7933,0.855,0.87,0.84,0,balanced_fake_recall=0.8071 < 0.8500; asvspoof_fake_recall=0.7933 < 0.8400,0.185294,0.565775
2026-05-28 09:15:43,10,0.3597,0.3613,0.391189,0.743163,0.8479,0.8479,0.8472,0.8472,0.8445,0.8515,0.8479,0.8529,0.8429,0.01,0.8442,0.8758,0.8125,0.857,0.798,0.916,0,balanced_fake_recall=0.8429 < 0.8500; asvspoof_fake_recall=0.8125 < 0.8400; inwild_real_recall=0.7980 < 0.8500,0.154706,0.376576
2026-05-28 09:15:47,11,0.3842,0.4151,0.33996,0.691065,0.8003,0.8003,0.7993,0.7993,0.7973,0.8033,0.8003,0.8053,0.7953,0.01,0.7783,0.7875,0.7692,0.853,0.848,0.858,0,balanced_fake_recall=0.7953 < 0.8500; asvspoof_fake_recall=0.7692 < 0.8400; inwild_real_recall=0.8480 < 0.8500,0.202353,0.332463
2026-05-28 09:15:50,12,0.3443,0.3882,0.433571,0.733009,0.8226,0.8226,0.8214,0.8214,0.8183,0.8271,0.8226,0.8294,0.8159,0.0135,0.8063,0.8217,0.7908,0.862,0.848,0.876,0,balanced_fake_recall=0.8159 < 0.8500; asvspoof_fake_recall=0.7908 < 0.8400; inwild_real_recall=0.8480 < 0.8500,0.180882,0.424675
2026-05-28 09:15:54,13,0.3275,0.36,0.381397,0.76746,0.8403,0.8403,0.8402,0.8402,0.8401,0.8405,0.8403,0.8406,0.84,0.0006,0.8213,0.8392,0.8033,0.886,0.844,0.928,0,balanced_fake_recall=0.8400 < 0.8500; asvspoof_fake_recall=0.8033 < 0.8400; inwild_real_recall=0.8440 < 0.8500,0.159706,0.38142
2026-05-28 09:15:57,14,0.3031,0.3389,0.415841,0.790734,0.855,0.855,0.855,0.855,0.8552,0.8548,0.855,0.8547,0.8553,0.0006,0.8396,0.8608,0.8183,0.892,0.84,0.944,0,asvspoof_fake_recall=0.8183 < 0.8400; inwild_real_recall=0.8400 < 0.8500,0.145588,0.41847
2026-05-28 09:16:00,15,0.2844,0.3244,0.34532,0.801561,0.8565,0.8565,0.8565,0.8565,0.8565,0.8565,0.8565,0.8565,0.8565,0.0,0.8421,0.86,0.8242,0.891,0.848,0.934,0,asvspoof_fake_recall=0.8242 < 0.8400; inwild_real_recall=0.8480 < 0.8500,0.143529,0.345504
2026-05-28 09:16:04,16,0.2693,0.3347,0.477996,0.807376,0.8571,0.8571,0.8571,0.857,0.8575,0.8566,0.8571,0.8565,0.8576,0.0012,0.8383,0.8517,0.825,0.902,0.868,0.936,0,asvspoof_fake_recall=0.8250 < 0.8400,0.143824,0.481581
2026-05-28 09:16:07,17,0.2525,0.3216,0.393582,0.85371,0.8653,0.8653,0.8653,0.8653,0.8653,0.8653,0.8653,0.8653,0.8653,0.0,0.8513,0.8617,0.8408,0.899,0.874,0.924,1,,0.134706,0.393699
2026-05-28 09:16:11,18,0.2386,0.3036,0.38793,0.857247,0.8712,0.8712,0.8714,0.8709,0.8725,0.8699,0.8712,0.8694,0.8729,0.0035,0.8571,0.87,0.8442,0.905,0.868,0.942,1,,0.131176,0.393371
2026-05-28 09:16:14,19,0.2277,0.322,0.462824,0.809697,0.8503,0.8503,0.8503,0.8503,0.8501,0.8505,0.8503,0.8506,0.85,0.0006,0.8233,0.8225,0.8242,0.915,0.918,0.912,0,asvspoof_fake_recall=0.8242 < 0.8400,0.149706,0.467934
2026-05-28 09:16:17,20,0.219,0.3017,0.333332,0.854084,0.8629,0.8629,0.8628,0.8628,0.8621,0.8638,0.8629,0.8641,0.8618,0.0024,0.8475,0.8542,0.8408,0.9,0.888,0.912,1,,0.139118,0.32814
2026-05-28 09:16:21,21,0.2056,0.2967,0.298202,0.860744,0.8691,0.8691,0.869,0.869,0.8685,0.8698,0.8691,0.87,0.8682,0.0018,0.8521,0.8583,0.8458,0.91,0.898,0.922,1,,0.131765,0.296794
2026-05-28 09:16:24,22,0.1995,0.2852,0.451204,0.864824,0.8712,0.8712,0.8711,0.8711,0.8707,0.8716,0.8712,0.8718,0.8706,0.0012,0.8533,0.8525,0.8542,0.914,0.918,0.91,1,,0.128824,0.451357
2026-05-28 09:16:27,23,0.1849,0.2887,0.461121,0.86572,0.8744,0.8744,0.8741,0.8741,0.8724,0.8764,0.8744,0.8771,0.8718,0.0053,0.8567,0.865,0.8483,0.917,0.906,0.928,1,,0.127647,0.448846
2026-05-28 09:16:31,24,0.1858,0.3074,0.674781,0.872858,0.8812,0.8812,0.8811,0.8811,0.8807,0.8816,0.8812,0.8818,0.8806,0.0012,0.8629,0.8583,0.8675,0.925,0.938,0.912,1,,0.118824,0.675124
2026-05-28 09:16:34,25,0.1742,0.2761,0.359821,0.868136,0.8735,0.8735,0.8734,0.8734,0.8727,0.8744,0.8735,0.8747,0.8724,0.0024,0.8521,0.8508,0.8533,0.925,0.932,0.918,1,,0.128529,0.354484
2026-05-28 09:16:38,26,0.1639,0.319,0.627584,0.861751,0.8647,0.8647,0.8645,0.8645,0.8638,0.8656,0.8647,0.8659,0.8635,0.0024,0.8396,0.8392,0.84,0.925,0.93,0.92,1,,0.135294,0.627671
2026-05-28 09:16:41,27,0.1622,0.265,0.40685,0.878694,0.8876,0.8876,0.8876,0.8876,0.8872,0.8881,0.8876,0.8882,0.8871,0.0012,0.8717,0.8758,0.8675,0.926,0.918,0.934,1,,0.112353,0.408069
2026-05-28 09:16:44,28,0.1492,0.2673,0.510152,0.878431,0.8856,0.8856,0.8856,0.8856,0.8854,0.8858,0.8856,0.8859,0.8853,0.0006,0.8642,0.8592,0.8692,0.937,0.95,0.924,1,,0.115,0.508895
2026-05-28 09:16:48,29,0.1496,0.2585,0.399717,0.883662,0.8915,0.8915,0.8916,0.8913,0.8926,0.8903,0.8915,0.89,0.8929,0.0029,0.875,0.8733,0.8767,0.931,0.93,0.932,1,,0.11,0.408643
2026-05-28 09:16:51,30,0.1441,0.3067,0.749513,0.887632,0.8962,0.8962,0.896,0.896,0.895,0.8973,0.8962,0.8976,0.8947,0.0029,0.8808,0.8825,0.8792,0.933,0.934,0.932,1,,0.105588,0.743457
